class_str,avg_total_counts
C,5688102.272352132
M,54501077.80597015
NF,1364774.9038035823
X,90944879.35714285
