year,avg_total_counts
2013,3377122.115902965
2009,3037373.752198655
2014,2353320.1099182004
2010,2348090.255144033
2012,2219307.839285714
2011,2022338.230612245
2019,1962341.4709989259
2018,1774534.1273100616
2017,1568430.0727449078
2016,1197289.7222787386
2015,919381.530490828
2008,405116.3858267717
